path,label
video41_0.png,1
video41_1.png,1
video41_2.png,1
video41_3.png,1
video41_4.png,1
video41_5.png,1
video41_6.png,1
video41_7.png,1
video41_8.png,1
video41_9.png,1
video41_10.png,1
video41_11.png,1
video41_12.png,1
video41_13.png,1
video41_14.png,1
video41_15.png,1
video41_16.png,1
video41_17.png,1
video41_18.png,1
video41_19.png,1
video41_20.png,1
video41_21.png,1
video41_22.png,1
video41_23.png,1
video41_24.png,1
video41_25.png,1
video41_26.png,1
video41_27.png,1
video41_28.png,1
video41_29.png,1
video41_30.png,1
video41_31.png,1
video41_32.png,1
video41_33.png,1
video41_34.png,1
video41_35.png,1
video41_36.png,1
video41_37.png,1
video41_38.png,1
video41_39.png,1
video41_40.png,1
video41_41.png,1
video41_42.png,1
video41_43.png,1
video41_44.png,1
video41_45.png,1
video41_46.png,1
video41_47.png,1
video41_48.png,1
video41_49.png,1
video41_50.png,1
video41_51.png,1
video41_52.png,1
video41_53.png,1
video41_54.png,1
video41_55.png,1
video41_56.png,1
video41_57.png,1
video41_58.png,1
video41_59.png,1
video41_60.png,1
video41_61.png,1
video41_62.png,1
video41_63.png,1
video41_64.png,1
video41_65.png,1
video41_66.png,1
video41_67.png,1
video41_68.png,1
video41_69.png,1
video41_70.png,1
video41_71.png,1
video41_72.png,1
video41_73.png,1
video41_74.png,1
video41_75.png,1
video41_76.png,1
video41_77.png,1
video41_78.png,1
video41_79.png,1
video41_80.png,1
video41_81.png,1
video41_82.png,1
video41_83.png,1
video41_84.png,1
video41_85.png,1
video41_86.png,1
video41_87.png,1
video41_88.png,1
video41_89.png,1
video41_90.png,1
video41_91.png,1
video41_92.png,1
video41_93.png,1
video41_94.png,1
video41_95.png,1
video41_96.png,1
video41_97.png,1
video41_98.png,1
video41_99.png,1
video41_100.png,1
video41_101.png,1
video41_102.png,1
video41_103.png,1
video41_104.png,1
video41_105.png,1
video41_106.png,1
video41_107.png,1
video41_108.png,1
video41_109.png,1
video41_110.png,1
video41_111.png,1
video41_112.png,1
video41_113.png,1
video41_114.png,1
video41_115.png,1
video41_116.png,1
video41_117.png,1
video41_118.png,1
video41_119.png,1
video41_120.png,1
video41_121.png,1
video41_122.png,1
video41_123.png,1
video41_124.png,1
video41_125.png,1
video41_126.png,1
video41_127.png,1
video41_128.png,1
video41_129.png,1
video41_130.png,1
video41_131.png,1
video41_132.png,1
video41_133.png,1
video41_134.png,1
video41_135.png,1
video41_136.png,1
video41_137.png,1
video41_138.png,1
video41_139.png,1
video41_140.png,1
video41_141.png,1
video41_142.png,1
video41_143.png,1
video41_144.png,1
video41_145.png,1
video41_146.png,1
video41_147.png,1
video41_148.png,1
video41_149.png,1
video41_150.png,1
video41_151.png,1
video41_152.png,1
video41_153.png,1
video41_154.png,1
video41_155.png,1
video41_156.png,1
video41_157.png,1
video41_158.png,1
video41_159.png,1
video41_160.png,1
video41_161.png,1
video41_162.png,1
video41_163.png,1
video41_164.png,1
video41_165.png,1
video41_166.png,1
video41_167.png,1
video41_168.png,1
video41_169.png,1
video41_170.png,1
video41_171.png,1
video41_172.png,1
video41_173.png,1
video41_174.png,1
video41_175.png,1
video41_176.png,1
video41_177.png,1
video41_178.png,1
video41_179.png,1
video41_180.png,1
video41_181.png,1
video41_182.png,1
video41_183.png,1
video41_184.png,1
video41_185.png,1
video41_186.png,1
video41_187.png,1
video41_188.png,1
video41_189.png,1
video41_190.png,1
video41_191.png,1
video41_192.png,1
video41_193.png,1
video41_194.png,1
video41_195.png,1
video41_196.png,1
video41_197.png,1
video41_198.png,1
video41_199.png,1
video41_200.png,1
video41_201.png,1
video41_202.png,1
video41_203.png,1
video41_204.png,1
video41_205.png,1
video41_206.png,1
video41_207.png,1
video41_208.png,1
video41_209.png,1
video41_210.png,1
video41_211.png,1
video41_212.png,1
video41_213.png,1
video41_214.png,1
video41_215.png,1
video41_216.png,1
video41_217.png,1
video41_218.png,1
video41_219.png,1
video41_220.png,1
video41_221.png,1
video41_222.png,1
video41_223.png,1
video41_224.png,1
video41_225.png,1
video41_226.png,1
video41_227.png,1
video41_228.png,1
video41_229.png,1
video41_230.png,1
video41_231.png,1
video41_232.png,1
video41_233.png,1
video41_234.png,1
video41_235.png,1
video41_236.png,1
video41_237.png,1
video41_238.png,1
video41_239.png,1
video41_240.png,1
video41_241.png,1
video41_242.png,1
video41_243.png,1
video41_244.png,1
video41_245.png,1
video41_246.png,1
video41_247.png,1
video41_248.png,1
video41_249.png,1
video41_250.png,1
video41_251.png,1
video41_252.png,1
video41_253.png,1
video41_254.png,1
video41_255.png,1
video41_256.png,1
video41_257.png,1
video41_258.png,1
video41_259.png,1
video41_260.png,1
video41_261.png,1
video41_262.png,1
video41_263.png,1
video41_264.png,1
video41_265.png,1
video41_266.png,1
video41_267.png,1
video41_268.png,1
video41_269.png,1
video41_270.png,1
video41_271.png,1
video41_272.png,1
video41_273.png,1
video41_274.png,1
video41_275.png,1
video41_276.png,1
video41_277.png,1
video41_278.png,1
video41_279.png,1
video41_280.png,1
video41_281.png,1
video41_282.png,1
video41_283.png,1
video41_284.png,1
video41_285.png,1
video41_286.png,1
video41_287.png,1
video41_288.png,1
video41_289.png,1
video41_290.png,1
video41_291.png,1
video41_292.png,1
video41_293.png,1
video41_294.png,1
video41_295.png,1
video41_296.png,1
video41_297.png,1
video41_298.png,1
video41_299.png,1
video41_300.png,1
video41_301.png,1
video41_302.png,1
video41_303.png,1
video41_304.png,1
video41_305.png,1
video41_306.png,1
video41_307.png,1
video41_308.png,1
video41_309.png,1
video41_310.png,1
video41_311.png,1
video41_312.png,1
video41_313.png,1
video41_314.png,1
video41_315.png,1
video41_316.png,1
video41_317.png,1
video41_318.png,1
video41_319.png,2
video41_320.png,2
video41_321.png,2
video41_322.png,2
video41_323.png,2
video41_324.png,2
video41_325.png,2
video41_326.png,2
video41_327.png,2
video41_328.png,2
video41_329.png,2
video41_330.png,2
video41_331.png,2
video41_332.png,2
video41_333.png,2
video41_334.png,2
video41_335.png,2
video41_336.png,2
video41_337.png,2
video41_338.png,2
video41_339.png,2
video41_340.png,2
video41_341.png,2
video41_342.png,2
video41_343.png,2
video41_344.png,2
video41_345.png,2
video41_346.png,2
video41_347.png,2
video41_348.png,2
video41_349.png,2
video41_350.png,2
video41_351.png,2
video41_352.png,2
video41_353.png,2
video41_354.png,2
video41_355.png,2
video41_356.png,2
video41_357.png,2
video41_358.png,2
video41_359.png,2
video41_360.png,2
video41_361.png,2
video41_362.png,2
video41_363.png,2
video41_364.png,2
video41_365.png,2
video41_366.png,2
video41_367.png,2
video41_368.png,2
video41_369.png,2
video41_370.png,2
video41_371.png,2
video41_372.png,2
video41_373.png,2
video41_374.png,2
video41_375.png,2
video41_376.png,2
video41_377.png,2
video41_378.png,2
video41_379.png,2
video41_380.png,2
video41_381.png,2
video41_382.png,2
video41_383.png,2
video41_384.png,2
video41_385.png,2
video41_386.png,2
video41_387.png,2
video41_388.png,2
video41_389.png,2
video41_390.png,2
video41_391.png,2
video41_392.png,2
video41_393.png,2
video41_394.png,2
video41_395.png,2
video41_396.png,2
video41_397.png,2
video41_398.png,2
video41_399.png,2
video41_400.png,2
video41_401.png,2
video41_402.png,2
video41_403.png,2
video41_404.png,2
video41_405.png,2
video41_406.png,2
video41_407.png,2
video41_408.png,2
video41_409.png,2
video41_410.png,2
video41_411.png,2
video41_412.png,2
video41_413.png,2
video41_414.png,2
video41_415.png,2
video41_416.png,2
video41_417.png,2
video41_418.png,2
video41_419.png,2
video41_420.png,2
video41_421.png,2
video41_422.png,2
video41_423.png,2
video41_424.png,2
video41_425.png,2
video41_426.png,2
video41_427.png,2
video41_428.png,2
video41_429.png,2
video41_430.png,2
video41_431.png,2
video41_432.png,2
video41_433.png,2
video41_434.png,2
video41_435.png,2
video41_436.png,2
video41_437.png,2
video41_438.png,2
video41_439.png,2
video41_440.png,2
video41_441.png,2
video41_442.png,2
video41_443.png,2
video41_444.png,2
video41_445.png,2
video41_446.png,2
video41_447.png,2
video41_448.png,2
video41_449.png,2
video41_450.png,2
video41_451.png,2
video41_452.png,2
video41_453.png,2
video41_454.png,2
video41_455.png,2
video41_456.png,2
video41_457.png,2
video41_458.png,2
video41_459.png,2
video41_460.png,2
video41_461.png,2
video41_462.png,2
video41_463.png,2
video41_464.png,2
video41_465.png,2
video41_466.png,2
video41_467.png,2
video41_468.png,2
video41_469.png,2
video41_470.png,2
video41_471.png,2
video41_472.png,2
video41_473.png,2
video41_474.png,2
video41_475.png,2
video41_476.png,2
video41_477.png,2
video41_478.png,2
video41_479.png,2
video41_480.png,2
video41_481.png,2
video41_482.png,2
video41_483.png,2
video41_484.png,2
video41_485.png,2
video41_486.png,2
video41_487.png,2
video41_488.png,2
video41_489.png,2
video41_490.png,2
video41_491.png,2
video41_492.png,2
video41_493.png,2
video41_494.png,2
video41_495.png,2
video41_496.png,2
video41_497.png,2
video41_498.png,2
video41_499.png,2
video41_500.png,2
video41_501.png,2
video41_502.png,2
video41_503.png,2
video41_504.png,2
video41_505.png,2
video41_506.png,2
video41_507.png,2
video41_508.png,2
video41_509.png,2
video41_510.png,2
video41_511.png,2
video41_512.png,2
video41_513.png,2
video41_514.png,2
video41_515.png,2
video41_516.png,2
video41_517.png,2
video41_518.png,2
video41_519.png,2
video41_520.png,2
video41_521.png,2
video41_522.png,2
video41_523.png,2
video41_524.png,2
video41_525.png,2
video41_526.png,2
video41_527.png,2
video41_528.png,2
video41_529.png,2
video41_530.png,2
video41_531.png,2
video41_532.png,2
video41_533.png,2
video41_534.png,2
video41_535.png,2
video41_536.png,2
video41_537.png,2
video41_538.png,2
video41_539.png,2
video41_540.png,2
video41_541.png,2
video41_542.png,2
video41_543.png,2
video41_544.png,2
video41_545.png,2
video41_546.png,2
video41_547.png,2
video41_548.png,2
video41_549.png,2
video41_550.png,2
video41_551.png,2
video41_552.png,2
video41_553.png,2
video41_554.png,2
video41_555.png,2
video41_556.png,2
video41_557.png,2
video41_558.png,2
video41_559.png,2
video41_560.png,2
video41_561.png,2
video41_562.png,2
video41_563.png,2
video41_564.png,2
video41_565.png,2
video41_566.png,2
video41_567.png,2
video41_568.png,2
video41_569.png,2
video41_570.png,2
video41_571.png,2
video41_572.png,2
video41_573.png,2
video41_574.png,2
video41_575.png,2
video41_576.png,2
video41_577.png,2
video41_578.png,2
video41_579.png,2
video41_580.png,2
video41_581.png,2
video41_582.png,2
video41_583.png,2
video41_584.png,2
video41_585.png,2
video41_586.png,2
video41_587.png,2
video41_588.png,2
video41_589.png,2
video41_590.png,2
video41_591.png,2
video41_592.png,2
video41_593.png,2
video41_594.png,2
video41_595.png,2
video41_596.png,2
video41_597.png,2
video41_598.png,2
video41_599.png,2
video41_600.png,2
video41_601.png,2
video41_602.png,2
video41_603.png,2
video41_604.png,2
video41_605.png,2
video41_606.png,2
video41_607.png,2
video41_608.png,2
video41_609.png,2
video41_610.png,2
video41_611.png,2
video41_612.png,2
video41_613.png,2
video41_614.png,2
video41_615.png,2
video41_616.png,2
video41_617.png,2
video41_618.png,2
video41_619.png,2
video41_620.png,2
video41_621.png,2
video41_622.png,2
video41_623.png,2
video41_624.png,2
video41_625.png,2
video41_626.png,2
video41_627.png,2
video41_628.png,2
video41_629.png,2
video41_630.png,2
video41_631.png,2
video41_632.png,2
video41_633.png,2
video41_634.png,2
video41_635.png,2
video41_636.png,2
video41_637.png,2
video41_638.png,2
video41_639.png,2
video41_640.png,2
video41_641.png,2
video41_642.png,2
video41_643.png,2
video41_644.png,2
video41_645.png,2
video41_646.png,2
video41_647.png,2
video41_648.png,2
video41_649.png,2
video41_650.png,2
video41_651.png,2
video41_652.png,2
video41_653.png,2
video41_654.png,2
video41_655.png,2
video41_656.png,2
video41_657.png,2
video41_658.png,2
video41_659.png,2
video41_660.png,2
video41_661.png,2
video41_662.png,2
video41_663.png,2
video41_664.png,2
video41_665.png,2
video41_666.png,2
video41_667.png,2
video41_668.png,2
video41_669.png,2
video41_670.png,2
video41_671.png,2
video41_672.png,2
video41_673.png,2
video41_674.png,2
video41_675.png,2
video41_676.png,2
video41_677.png,2
video41_678.png,2
video41_679.png,2
video41_680.png,2
video41_681.png,2
video41_682.png,2
video41_683.png,2
video41_684.png,2
video41_685.png,2
video41_686.png,2
video41_687.png,2
video41_688.png,2
video41_689.png,2
video41_690.png,2
video41_691.png,2
video41_692.png,2
video41_693.png,2
video41_694.png,2
video41_695.png,2
video41_696.png,2
video41_697.png,2
video41_698.png,2
video41_699.png,2
video41_700.png,2
video41_701.png,2
video41_702.png,2
video41_703.png,2
video41_704.png,2
video41_705.png,2
video41_706.png,2
video41_707.png,2
video41_708.png,2
video41_709.png,2
video41_710.png,2
video41_711.png,2
video41_712.png,2
video41_713.png,2
video41_714.png,2
video41_715.png,2
video41_716.png,2
video41_717.png,2
video41_718.png,2
video41_719.png,2
video41_720.png,2
video41_721.png,2
video41_722.png,2
video41_723.png,2
video41_724.png,2
video41_725.png,2
video41_726.png,2
video41_727.png,2
video41_728.png,2
video41_729.png,2
video41_730.png,2
video41_731.png,2
video41_732.png,2
video41_733.png,2
video41_734.png,2
video41_735.png,2
video41_736.png,2
video41_737.png,2
video41_738.png,2
video41_739.png,2
video41_740.png,2
video41_741.png,2
video41_742.png,2
video41_743.png,2
video41_744.png,2
video41_745.png,2
video41_746.png,2
video41_747.png,2
video41_748.png,2
video41_749.png,2
video41_750.png,2
video41_751.png,2
video41_752.png,2
video41_753.png,2
video41_754.png,2
video41_755.png,2
video41_756.png,2
video41_757.png,2
video41_758.png,2
video41_759.png,2
video41_760.png,2
video41_761.png,2
video41_762.png,2
video41_763.png,2
video41_764.png,2
video41_765.png,2
video41_766.png,2
video41_767.png,2
video41_768.png,2
video41_769.png,2
video41_770.png,2
video41_771.png,2
video41_772.png,2
video41_773.png,2
video41_774.png,2
video41_775.png,2
video41_776.png,2
video41_777.png,2
video41_778.png,2
video41_779.png,2
video41_780.png,2
video41_781.png,2
video41_782.png,2
video41_783.png,2
video41_784.png,2
video41_785.png,2
video41_786.png,2
video41_787.png,2
video41_788.png,2
video41_789.png,2
video41_790.png,2
video41_791.png,2
video41_792.png,2
video41_793.png,2
video41_794.png,2
video41_795.png,2
video41_796.png,2
video41_797.png,2
video41_798.png,2
video41_799.png,2
video41_800.png,2
video41_801.png,2
video41_802.png,2
video41_803.png,2
video41_804.png,2
video41_805.png,2
video41_806.png,2
video41_807.png,2
video41_808.png,2
video41_809.png,2
video41_810.png,2
video41_811.png,2
video41_812.png,2
video41_813.png,2
video41_814.png,2
video41_815.png,2
video41_816.png,2
video41_817.png,2
video41_818.png,2
video41_819.png,2
video41_820.png,2
video41_821.png,2
video41_822.png,2
video41_823.png,2
video41_824.png,2
video41_825.png,2
video41_826.png,2
video41_827.png,2
video41_828.png,2
video41_829.png,2
video41_830.png,2
video41_831.png,2
video41_832.png,2
video41_833.png,2
video41_834.png,2
video41_835.png,2
video41_836.png,2
video41_837.png,2
video41_838.png,2
video41_839.png,2
video41_840.png,2
video41_841.png,2
video41_842.png,2
video41_843.png,2
video41_844.png,2
video41_845.png,2
video41_846.png,2
video41_847.png,2
video41_848.png,2
video41_849.png,2
video41_850.png,2
video41_851.png,2
video41_852.png,2
video41_853.png,2
video41_854.png,2
video41_855.png,2
video41_856.png,2
video41_857.png,2
video41_858.png,2
video41_859.png,2
video41_860.png,2
video41_861.png,2
video41_862.png,2
video41_863.png,2
video41_864.png,2
video41_865.png,2
video41_866.png,2
video41_867.png,2
video41_868.png,2
video41_869.png,2
video41_870.png,2
video41_871.png,2
video41_872.png,2
video41_873.png,2
video41_874.png,2
video41_875.png,2
video41_876.png,2
video41_877.png,2
video41_878.png,2
video41_879.png,2
video41_880.png,2
video41_881.png,2
video41_882.png,2
video41_883.png,2
video41_884.png,2
video41_885.png,2
video41_886.png,2
video41_887.png,2
video41_888.png,2
video41_889.png,2
video41_890.png,2
video41_891.png,2
video41_892.png,2
video41_893.png,2
video41_894.png,2
video41_895.png,2
video41_896.png,2
video41_897.png,2
video41_898.png,2
video41_899.png,2
video41_900.png,2
video41_901.png,2
video41_902.png,2
video41_903.png,2
video41_904.png,2
video41_905.png,2
video41_906.png,2
video41_907.png,2
video41_908.png,2
video41_909.png,2
video41_910.png,2
video41_911.png,2
video41_912.png,2
video41_913.png,2
video41_914.png,2
video41_915.png,2
video41_916.png,2
video41_917.png,2
video41_918.png,2
video41_919.png,2
video41_920.png,2
video41_921.png,2
video41_922.png,2
video41_923.png,2
video41_924.png,2
video41_925.png,2
video41_926.png,2
video41_927.png,2
video41_928.png,2
video41_929.png,2
video41_930.png,2
video41_931.png,2
video41_932.png,2
video41_933.png,2
video41_934.png,2
video41_935.png,2
video41_936.png,2
video41_937.png,2
video41_938.png,2
video41_939.png,2
video41_940.png,2
video41_941.png,2
video41_942.png,2
video41_943.png,2
video41_944.png,2
video41_945.png,2
video41_946.png,2
video41_947.png,2
video41_948.png,2
video41_949.png,2
video41_950.png,2
video41_951.png,2
video41_952.png,2
video41_953.png,2
video41_954.png,2
video41_955.png,2
video41_956.png,2
video41_957.png,2
video41_958.png,2
video41_959.png,2
video41_960.png,2
video41_961.png,2
video41_962.png,2
video41_963.png,2
video41_964.png,2
video41_965.png,2
video41_966.png,2
video41_967.png,2
video41_968.png,2
video41_969.png,2
video41_970.png,2
video41_971.png,2
video41_972.png,2
video41_973.png,2
video41_974.png,2
video41_975.png,2
video41_976.png,2
video41_977.png,2
video41_978.png,2
video41_979.png,2
video41_980.png,2
video41_981.png,2
video41_982.png,2
video41_983.png,2
video41_984.png,2
video41_985.png,2
video41_986.png,2
video41_987.png,2
video41_988.png,2
video41_989.png,2
video41_990.png,2
video41_991.png,2
video41_992.png,2
video41_993.png,2
video41_994.png,2
video41_995.png,2
video41_996.png,2
video41_997.png,2
video41_998.png,2
video41_999.png,2
video41_1000.png,2
video41_1001.png,2
video41_1002.png,2
video41_1003.png,2
video41_1004.png,2
video41_1005.png,2
video41_1006.png,2
video41_1007.png,2
video41_1008.png,2
video41_1009.png,2
video41_1010.png,2
video41_1011.png,2
video41_1012.png,2
video41_1013.png,2
video41_1014.png,2
video41_1015.png,2
video41_1016.png,2
video41_1017.png,2
video41_1018.png,2
video41_1019.png,2
video41_1020.png,2
video41_1021.png,2
video41_1022.png,2
video41_1023.png,2
video41_1024.png,2
video41_1025.png,2
video41_1026.png,2
video41_1027.png,2
video41_1028.png,2
video41_1029.png,2
video41_1030.png,2
video41_1031.png,2
video41_1032.png,2
video41_1033.png,2
video41_1034.png,2
video41_1035.png,2
video41_1036.png,2
video41_1037.png,2
video41_1038.png,2
video41_1039.png,2
video41_1040.png,2
video41_1041.png,2
video41_1042.png,2
video41_1043.png,2
video41_1044.png,2
video41_1045.png,2
video41_1046.png,2
video41_1047.png,2
video41_1048.png,2
video41_1049.png,2
video41_1050.png,2
video41_1051.png,2
video41_1052.png,2
video41_1053.png,2
video41_1054.png,2
video41_1055.png,2
video41_1056.png,2
video41_1057.png,2
video41_1058.png,2
video41_1059.png,2
video41_1060.png,2
video41_1061.png,2
video41_1062.png,2
video41_1063.png,2
video41_1064.png,2
video41_1065.png,2
video41_1066.png,2
video41_1067.png,2
video41_1068.png,2
video41_1069.png,2
video41_1070.png,2
video41_1071.png,2
video41_1072.png,2
video41_1073.png,2
video41_1074.png,2
video41_1075.png,2
video41_1076.png,2
video41_1077.png,2
video41_1078.png,2
video41_1079.png,2
video41_1080.png,2
video41_1081.png,2
video41_1082.png,2
video41_1083.png,2
video41_1084.png,2
video41_1085.png,2
video41_1086.png,2
video41_1087.png,2
video41_1088.png,2
video41_1089.png,2
video41_1090.png,2
video41_1091.png,2
video41_1092.png,2
video41_1093.png,2
video41_1094.png,2
video41_1095.png,2
video41_1096.png,2
video41_1097.png,2
video41_1098.png,2
video41_1099.png,2
video41_1100.png,2
video41_1101.png,2
video41_1102.png,2
video41_1103.png,2
video41_1104.png,2
video41_1105.png,2
video41_1106.png,2
video41_1107.png,2
video41_1108.png,2
video41_1109.png,2
video41_1110.png,2
video41_1111.png,2
video41_1112.png,2
video41_1113.png,2
video41_1114.png,2
video41_1115.png,2
video41_1116.png,2
video41_1117.png,2
video41_1118.png,2
video41_1119.png,2
video41_1120.png,2
video41_1121.png,2
video41_1122.png,2
video41_1123.png,2
video41_1124.png,2
video41_1125.png,2
video41_1126.png,2
video41_1127.png,2
video41_1128.png,2
video41_1129.png,2
video41_1130.png,2
video41_1131.png,2
video41_1132.png,2
video41_1133.png,2
video41_1134.png,2
video41_1135.png,2
video41_1136.png,2
video41_1137.png,2
video41_1138.png,2
video41_1139.png,2
video41_1140.png,2
video41_1141.png,2
video41_1142.png,2
video41_1143.png,2
video41_1144.png,2
video41_1145.png,2
video41_1146.png,2
video41_1147.png,2
video41_1148.png,2
video41_1149.png,2
video41_1150.png,2
video41_1151.png,2
video41_1152.png,2
video41_1153.png,2
video41_1154.png,2
video41_1155.png,2
video41_1156.png,2
video41_1157.png,2
video41_1158.png,2
video41_1159.png,2
video41_1160.png,2
video41_1161.png,2
video41_1162.png,2
video41_1163.png,2
video41_1164.png,2
video41_1165.png,2
video41_1166.png,2
video41_1167.png,2
video41_1168.png,2
video41_1169.png,2
video41_1170.png,2
video41_1171.png,2
video41_1172.png,2
video41_1173.png,2
video41_1174.png,2
video41_1175.png,2
video41_1176.png,2
video41_1177.png,2
video41_1178.png,2
video41_1179.png,2
video41_1180.png,2
video41_1181.png,2
video41_1182.png,2
video41_1183.png,2
video41_1184.png,2
video41_1185.png,2
video41_1186.png,2
video41_1187.png,2
video41_1188.png,2
video41_1189.png,2
video41_1190.png,2
video41_1191.png,2
video41_1192.png,2
video41_1193.png,2
video41_1194.png,2
video41_1195.png,2
video41_1196.png,2
video41_1197.png,2
video41_1198.png,2
video41_1199.png,2
video41_1200.png,2
video41_1201.png,2
video41_1202.png,2
video41_1203.png,2
video41_1204.png,2
video41_1205.png,2
video41_1206.png,2
video41_1207.png,2
video41_1208.png,2
video41_1209.png,2
video41_1210.png,2
video41_1211.png,2
video41_1212.png,2
video41_1213.png,2
video41_1214.png,2
video41_1215.png,2
video41_1216.png,2
video41_1217.png,2
video41_1218.png,2
video41_1219.png,2
video41_1220.png,2
video41_1221.png,2
video41_1222.png,2
video41_1223.png,2
video41_1224.png,2
video41_1225.png,2
video41_1226.png,2
video41_1227.png,2
video41_1228.png,2
video41_1229.png,2
video41_1230.png,2
video41_1231.png,2
video41_1232.png,2
video41_1233.png,2
video41_1234.png,2
video41_1235.png,2
video41_1236.png,2
video41_1237.png,2
video41_1238.png,2
video41_1239.png,2
video41_1240.png,2
video41_1241.png,2
video41_1242.png,2
video41_1243.png,2
video41_1244.png,2
video41_1245.png,2
video41_1246.png,2
video41_1247.png,2
video41_1248.png,2
video41_1249.png,2
video41_1250.png,2
video41_1251.png,2
video41_1252.png,2
video41_1253.png,2
video41_1254.png,2
video41_1255.png,2
video41_1256.png,2
video41_1257.png,2
video41_1258.png,2
video41_1259.png,2
video41_1260.png,2
video41_1261.png,2
video41_1262.png,2
video41_1263.png,2
video41_1264.png,2
video41_1265.png,2
video41_1266.png,2
video41_1267.png,2
video41_1268.png,2
video41_1269.png,2
video41_1270.png,2
video41_1271.png,2
video41_1272.png,2
video41_1273.png,2
video41_1274.png,2
video41_1275.png,2
video41_1276.png,2
video41_1277.png,2
video41_1278.png,2
video41_1279.png,2
video41_1280.png,2
video41_1281.png,2
video41_1282.png,2
video41_1283.png,2
video41_1284.png,2
video41_1285.png,2
video41_1286.png,2
video41_1287.png,2
video41_1288.png,2
video41_1289.png,2
video41_1290.png,2
video41_1291.png,2
video41_1292.png,2
video41_1293.png,2
video41_1294.png,2
video41_1295.png,2
video41_1296.png,2
video41_1297.png,2
video41_1298.png,2
video41_1299.png,2
video41_1300.png,2
video41_1301.png,2
video41_1302.png,2
video41_1303.png,2
video41_1304.png,2
video41_1305.png,2
video41_1306.png,2
video41_1307.png,2
video41_1308.png,2
video41_1309.png,2
video41_1310.png,2
video41_1311.png,2
video41_1312.png,2
video41_1313.png,2
video41_1314.png,2
video41_1315.png,2
video41_1316.png,2
video41_1317.png,2
video41_1318.png,2
video41_1319.png,2
video41_1320.png,2
video41_1321.png,2
video41_1322.png,2
video41_1323.png,2
video41_1324.png,2
video41_1325.png,2
video41_1326.png,2
video41_1327.png,2
video41_1328.png,2
video41_1329.png,2
video41_1330.png,2
video41_1331.png,2
video41_1332.png,2
video41_1333.png,2
video41_1334.png,2
video41_1335.png,2
video41_1336.png,2
video41_1337.png,2
video41_1338.png,2
video41_1339.png,2
video41_1340.png,2
video41_1341.png,2
video41_1342.png,2
video41_1343.png,2
video41_1344.png,2
video41_1345.png,2
video41_1346.png,2
video41_1347.png,2
video41_1348.png,2
video41_1349.png,2
video41_1350.png,2
video41_1351.png,2
video41_1352.png,2
video41_1353.png,2
video41_1354.png,2
video41_1355.png,2
video41_1356.png,2
video41_1357.png,2
video41_1358.png,2
video41_1359.png,2
video41_1360.png,2
video41_1361.png,2
video41_1362.png,2
video41_1363.png,2
video41_1364.png,2
video41_1365.png,2
video41_1366.png,2
video41_1367.png,2
video41_1368.png,2
video41_1369.png,2
video41_1370.png,2
video41_1371.png,2
video41_1372.png,2
video41_1373.png,2
video41_1374.png,2
video41_1375.png,2
video41_1376.png,2
video41_1377.png,2
video41_1378.png,2
video41_1379.png,2
video41_1380.png,2
video41_1381.png,2
video41_1382.png,2
video41_1383.png,2
video41_1384.png,2
video41_1385.png,2
video41_1386.png,2
video41_1387.png,2
video41_1388.png,2
video41_1389.png,2
video41_1390.png,2
video41_1391.png,2
video41_1392.png,2
video41_1393.png,2
video41_1394.png,2
video41_1395.png,2
video41_1396.png,2
video41_1397.png,2
video41_1398.png,2
video41_1399.png,2
video41_1400.png,2
video41_1401.png,2
video41_1402.png,2
video41_1403.png,2
video41_1404.png,2
video41_1405.png,2
video41_1406.png,2
video41_1407.png,2
video41_1408.png,2
video41_1409.png,2
video41_1410.png,2
video41_1411.png,2
video41_1412.png,2
video41_1413.png,2
video41_1414.png,2
video41_1415.png,2
video41_1416.png,2
video41_1417.png,2
video41_1418.png,2
video41_1419.png,2
video41_1420.png,2
video41_1421.png,2
video41_1422.png,2
video41_1423.png,2
video41_1424.png,2
video41_1425.png,2
video41_1426.png,2
video41_1427.png,2
video41_1428.png,2
video41_1429.png,2
video41_1430.png,2
video41_1431.png,2
video41_1432.png,2
video41_1433.png,2
video41_1434.png,2
video41_1435.png,2
video41_1436.png,2
video41_1437.png,2
video41_1438.png,2
video41_1439.png,2
video41_1440.png,2
video41_1441.png,2
video41_1442.png,2
video41_1443.png,2
video41_1444.png,2
video41_1445.png,2
video41_1446.png,2
video41_1447.png,2
video41_1448.png,2
video41_1449.png,2
video41_1450.png,2
video41_1451.png,2
video41_1452.png,2
video41_1453.png,2
video41_1454.png,2
video41_1455.png,2
video41_1456.png,2
video41_1457.png,2
video41_1458.png,2
video41_1459.png,2
video41_1460.png,2
video41_1461.png,2
video41_1462.png,2
video41_1463.png,2
video41_1464.png,2
video41_1465.png,2
video41_1466.png,2
video41_1467.png,2
video41_1468.png,2
video41_1469.png,2
video41_1470.png,2
video41_1471.png,2
video41_1472.png,2
video41_1473.png,2
video41_1474.png,2
video41_1475.png,2
video41_1476.png,2
video41_1477.png,2
video41_1478.png,2
video41_1479.png,2
video41_1480.png,2
video41_1481.png,2
video41_1482.png,2
video41_1483.png,2
video41_1484.png,2
video41_1485.png,2
video41_1486.png,2
video41_1487.png,2
video41_1488.png,2
video41_1489.png,2
video41_1490.png,2
video41_1491.png,2
video41_1492.png,2
video41_1493.png,2
video41_1494.png,2
video41_1495.png,2
video41_1496.png,2
video41_1497.png,2
video41_1498.png,2
video41_1499.png,2
video41_1500.png,2
video41_1501.png,2
video41_1502.png,2
video41_1503.png,2
video41_1504.png,2
video41_1505.png,2
video41_1506.png,2
video41_1507.png,2
video41_1508.png,2
video41_1509.png,2
video41_1510.png,2
video41_1511.png,2
video41_1512.png,2
video41_1513.png,2
video41_1514.png,2
video41_1515.png,2
video41_1516.png,2
video41_1517.png,2
video41_1518.png,2
video41_1519.png,2
video41_1520.png,2
video41_1521.png,2
video41_1522.png,2
video41_1523.png,2
video41_1524.png,2
video41_1525.png,2
video41_1526.png,2
video41_1527.png,2
video41_1528.png,2
video41_1529.png,2
video41_1530.png,2
video41_1531.png,2
video41_1532.png,2
video41_1533.png,2
video41_1534.png,2
video41_1535.png,2
video41_1536.png,2
video41_1537.png,2
video41_1538.png,2
video41_1539.png,2
video41_1540.png,2
video41_1541.png,2
video41_1542.png,2
video41_1543.png,2
video41_1544.png,2
video41_1545.png,2
video41_1546.png,2
video41_1547.png,2
video41_1548.png,2
video41_1549.png,2
video41_1550.png,2
video41_1551.png,2
video41_1552.png,2
video41_1553.png,2
video41_1554.png,2
video41_1555.png,2
video41_1556.png,2
video41_1557.png,2
video41_1558.png,2
video41_1559.png,2
video41_1560.png,2
video41_1561.png,2
video41_1562.png,2
video41_1563.png,2
video41_1564.png,2
video41_1565.png,2
video41_1566.png,3
video41_1567.png,3
video41_1568.png,3
video41_1569.png,3
video41_1570.png,3
video41_1571.png,3
video41_1572.png,3
video41_1573.png,3
video41_1574.png,3
video41_1575.png,3
video41_1576.png,3
video41_1577.png,3
video41_1578.png,3
video41_1579.png,3
video41_1580.png,3
video41_1581.png,3
video41_1582.png,3
video41_1583.png,3
video41_1584.png,3
video41_1585.png,3
video41_1586.png,3
video41_1587.png,3
video41_1588.png,3
video41_1589.png,3
video41_1590.png,3
video41_1591.png,3
video41_1592.png,3
video41_1593.png,3
video41_1594.png,3
video41_1595.png,3
video41_1596.png,3
video41_1597.png,3
video41_1598.png,3
video41_1599.png,3
video41_1600.png,3
video41_1601.png,3
video41_1602.png,3
video41_1603.png,3
video41_1604.png,3
video41_1605.png,3
video41_1606.png,3
video41_1607.png,3
video41_1608.png,3
video41_1609.png,3
video41_1610.png,3
video41_1611.png,3
video41_1612.png,3
video41_1613.png,3
video41_1614.png,3
video41_1615.png,3
video41_1616.png,3
video41_1617.png,3
video41_1618.png,3
video41_1619.png,3
video41_1620.png,3
video41_1621.png,3
video41_1622.png,3
video41_1623.png,3
video41_1624.png,3
video41_1625.png,3
video41_1626.png,3
video41_1627.png,3
video41_1628.png,3
video41_1629.png,3
video41_1630.png,3
video41_1631.png,3
video41_1632.png,3
video41_1633.png,3
video41_1634.png,3
video41_1635.png,3
video41_1636.png,3
video41_1637.png,3
video41_1638.png,3
video41_1639.png,3
video41_1640.png,3
video41_1641.png,3
video41_1642.png,3
video41_1643.png,3
video41_1644.png,3
video41_1645.png,3
video41_1646.png,3
video41_1647.png,3
video41_1648.png,3
video41_1649.png,3
video41_1650.png,3
video41_1651.png,3
video41_1652.png,3
video41_1653.png,3
video41_1654.png,3
video41_1655.png,3
video41_1656.png,3
video41_1657.png,3
video41_1658.png,3
video41_1659.png,3
video41_1660.png,3
video41_1661.png,3
video41_1662.png,3
video41_1663.png,3
video41_1664.png,3
video41_1665.png,3
video41_1666.png,3
video41_1667.png,3
video41_1668.png,3
video41_1669.png,3
video41_1670.png,3
video41_1671.png,3
video41_1672.png,3
video41_1673.png,3
video41_1674.png,3
video41_1675.png,3
video41_1676.png,3
video41_1677.png,3
video41_1678.png,3
video41_1679.png,3
video41_1680.png,3
video41_1681.png,3
video41_1682.png,3
video41_1683.png,3
video41_1684.png,3
video41_1685.png,3
video41_1686.png,3
video41_1687.png,3
video41_1688.png,3
video41_1689.png,3
video41_1690.png,3
video41_1691.png,3
video41_1692.png,3
video41_1693.png,3
video41_1694.png,3
video41_1695.png,3
video41_1696.png,3
video41_1697.png,3
video41_1698.png,3
video41_1699.png,3
video41_1700.png,3
video41_1701.png,3
video41_1702.png,3
video41_1703.png,3
video41_1704.png,3
video41_1705.png,3
video41_1706.png,3
video41_1707.png,3
video41_1708.png,3
video41_1709.png,3
video41_1710.png,3
video41_1711.png,3
video41_1712.png,3
video41_1713.png,3
video41_1714.png,3
video41_1715.png,3
video41_1716.png,3
video41_1717.png,3
video41_1718.png,3
video41_1719.png,3
video41_1720.png,3
video41_1721.png,3
video41_1722.png,3
video41_1723.png,3
video41_1724.png,3
video41_1725.png,3
video41_1726.png,3
video41_1727.png,3
video41_1728.png,3
video41_1729.png,3
video41_1730.png,3
video41_1731.png,3
video41_1732.png,3
video41_1733.png,3
video41_1734.png,3
video41_1735.png,3
video41_1736.png,3
video41_1737.png,3
video41_1738.png,4
video41_1739.png,4
video41_1740.png,4
video41_1741.png,4
video41_1742.png,4
video41_1743.png,4
video41_1744.png,4
video41_1745.png,4
video41_1746.png,4
video41_1747.png,4
video41_1748.png,4
video41_1749.png,4
video41_1750.png,4
video41_1751.png,4
video41_1752.png,4
video41_1753.png,4
video41_1754.png,4
video41_1755.png,4
video41_1756.png,4
video41_1757.png,4
video41_1758.png,4
video41_1759.png,4
video41_1760.png,4
video41_1761.png,4
video41_1762.png,4
video41_1763.png,4
video41_1764.png,4
video41_1765.png,4
video41_1766.png,4
video41_1767.png,4
video41_1768.png,4
video41_1769.png,4
video41_1770.png,4
video41_1771.png,4
video41_1772.png,4
video41_1773.png,4
video41_1774.png,4
video41_1775.png,4
video41_1776.png,4
video41_1777.png,4
video41_1778.png,4
video41_1779.png,4
video41_1780.png,4
video41_1781.png,4
video41_1782.png,4
video41_1783.png,4
video41_1784.png,4
video41_1785.png,4
video41_1786.png,4
video41_1787.png,4
video41_1788.png,4
video41_1789.png,4
video41_1790.png,4
video41_1791.png,4
video41_1792.png,4
video41_1793.png,4
video41_1794.png,4
video41_1795.png,4
video41_1796.png,4
video41_1797.png,4
video41_1798.png,4
video41_1799.png,4
video41_1800.png,4
video41_1801.png,4
video41_1802.png,4
video41_1803.png,4
video41_1804.png,4
video41_1805.png,4
video41_1806.png,4
video41_1807.png,4
video41_1808.png,4
video41_1809.png,4
video41_1810.png,4
video41_1811.png,4
video41_1812.png,4
video41_1813.png,4
video41_1814.png,4
video41_1815.png,4
video41_1816.png,4
video41_1817.png,4
video41_1818.png,4
video41_1819.png,4
video41_1820.png,4
video41_1821.png,4
video41_1822.png,4
video41_1823.png,4
video41_1824.png,4
video41_1825.png,4
video41_1826.png,4
video41_1827.png,4
video41_1828.png,4
video41_1829.png,4
video41_1830.png,4
video41_1831.png,4
video41_1832.png,4
video41_1833.png,4
video41_1834.png,4
video41_1835.png,4
video41_1836.png,4
video41_1837.png,4
video41_1838.png,4
video41_1839.png,4
video41_1840.png,4
video41_1841.png,4
video41_1842.png,4
video41_1843.png,4
video41_1844.png,4
video41_1845.png,4
video41_1846.png,4
video41_1847.png,4
video41_1848.png,4
video41_1849.png,4
video41_1850.png,4
video41_1851.png,4
video41_1852.png,4
video41_1853.png,4
video41_1854.png,4
video41_1855.png,4
video41_1856.png,4
video41_1857.png,4
video41_1858.png,4
video41_1859.png,4
video41_1860.png,4
video41_1861.png,4
video41_1862.png,4
video41_1863.png,4
video41_1864.png,4
video41_1865.png,4
video41_1866.png,4
video41_1867.png,4
video41_1868.png,4
video41_1869.png,4
video41_1870.png,4
video41_1871.png,4
video41_1872.png,4
video41_1873.png,4
video41_1874.png,4
video41_1875.png,4
video41_1876.png,4
video41_1877.png,4
video41_1878.png,4
video41_1879.png,4
video41_1880.png,4
video41_1881.png,4
video41_1882.png,4
video41_1883.png,4
video41_1884.png,4
video41_1885.png,4
video41_1886.png,4
video41_1887.png,4
video41_1888.png,4
video41_1889.png,4
video41_1890.png,4
video41_1891.png,4
video41_1892.png,4
video41_1893.png,4
video41_1894.png,4
video41_1895.png,4
video41_1896.png,4
video41_1897.png,4
video41_1898.png,4
video41_1899.png,4
video41_1900.png,4
video41_1901.png,4
video41_1902.png,4
video41_1903.png,4
video41_1904.png,4
video41_1905.png,4
video41_1906.png,4
video41_1907.png,4
video41_1908.png,4
video41_1909.png,4
video41_1910.png,4
video41_1911.png,4
video41_1912.png,4
video41_1913.png,4
video41_1914.png,4
video41_1915.png,4
video41_1916.png,4
video41_1917.png,4
video41_1918.png,4
video41_1919.png,4
video41_1920.png,4
video41_1921.png,4
video41_1922.png,4
video41_1923.png,4
video41_1924.png,4
video41_1925.png,4
video41_1926.png,4
video41_1927.png,4
video41_1928.png,4
video41_1929.png,4
video41_1930.png,4
video41_1931.png,4
video41_1932.png,4
video41_1933.png,4
video41_1934.png,4
video41_1935.png,4
video41_1936.png,4
video41_1937.png,4
video41_1938.png,4
video41_1939.png,4
video41_1940.png,4
video41_1941.png,4
video41_1942.png,4
video41_1943.png,4
video41_1944.png,4
video41_1945.png,4
video41_1946.png,4
video41_1947.png,4
video41_1948.png,4
video41_1949.png,4
video41_1950.png,4
video41_1951.png,4
video41_1952.png,4
video41_1953.png,4
video41_1954.png,4
video41_1955.png,4
video41_1956.png,4
video41_1957.png,4
video41_1958.png,4
video41_1959.png,4
video41_1960.png,4
video41_1961.png,4
video41_1962.png,4
video41_1963.png,4
video41_1964.png,4
video41_1965.png,4
video41_1966.png,4
video41_1967.png,4
video41_1968.png,4
video41_1969.png,4
video41_1970.png,4
video41_1971.png,4
video41_1972.png,4
video41_1973.png,4
video41_1974.png,4
video41_1975.png,4
video41_1976.png,4
video41_1977.png,4
video41_1978.png,4
video41_1979.png,4
video41_1980.png,4
video41_1981.png,4
video41_1982.png,4
video41_1983.png,4
video41_1984.png,4
video41_1985.png,4
video41_1986.png,4
video41_1987.png,4
video41_1988.png,4
video41_1989.png,4
video41_1990.png,4
video41_1991.png,4
video41_1992.png,4
video41_1993.png,4
video41_1994.png,4
video41_1995.png,4
video41_1996.png,4
video41_1997.png,4
video41_1998.png,4
video41_1999.png,4
video41_2000.png,4
video41_2001.png,4
video41_2002.png,4
video41_2003.png,4
video41_2004.png,4
video41_2005.png,4
video41_2006.png,4
video41_2007.png,4
video41_2008.png,4
video41_2009.png,4
video41_2010.png,4
video41_2011.png,4
video41_2012.png,4
video41_2013.png,4
video41_2014.png,4
video41_2015.png,4
video41_2016.png,4
video41_2017.png,4
video41_2018.png,4
video41_2019.png,4
video41_2020.png,4
video41_2021.png,4
video41_2022.png,4
video41_2023.png,4
video41_2024.png,4
video41_2025.png,4
video41_2026.png,4
video41_2027.png,4
video41_2028.png,4
video41_2029.png,4
video41_2030.png,4
video41_2031.png,4
video41_2032.png,4
video41_2033.png,4
video41_2034.png,4
video41_2035.png,4
video41_2036.png,4
video41_2037.png,4
video41_2038.png,4
video41_2039.png,4
video41_2040.png,4
video41_2041.png,4
video41_2042.png,4
video41_2043.png,4
video41_2044.png,4
video41_2045.png,4
video41_2046.png,4
video41_2047.png,4
video41_2048.png,4
video41_2049.png,4
video41_2050.png,4
video41_2051.png,4
video41_2052.png,4
video41_2053.png,4
video41_2054.png,4
video41_2055.png,4
video41_2056.png,4
video41_2057.png,4
video41_2058.png,4
video41_2059.png,4
video41_2060.png,4
video41_2061.png,4
video41_2062.png,4
video41_2063.png,4
video41_2064.png,4
video41_2065.png,4
video41_2066.png,4
video41_2067.png,4
video41_2068.png,4
video41_2069.png,4
video41_2070.png,4
video41_2071.png,4
video41_2072.png,4
video41_2073.png,4
video41_2074.png,4
video41_2075.png,4
video41_2076.png,4
video41_2077.png,4
video41_2078.png,4
video41_2079.png,4
video41_2080.png,4
video41_2081.png,4
video41_2082.png,4
video41_2083.png,4
video41_2084.png,4
video41_2085.png,4
video41_2086.png,4
video41_2087.png,4
video41_2088.png,4
video41_2089.png,4
video41_2090.png,4
video41_2091.png,4
video41_2092.png,4
video41_2093.png,4
video41_2094.png,4
video41_2095.png,4
video41_2096.png,4
video41_2097.png,4
video41_2098.png,4
video41_2099.png,4
video41_2100.png,4
video41_2101.png,4
video41_2102.png,4
video41_2103.png,4
video41_2104.png,4
video41_2105.png,4
video41_2106.png,4
video41_2107.png,4
video41_2108.png,4
video41_2109.png,4
video41_2110.png,4
video41_2111.png,4
video41_2112.png,4
video41_2113.png,4
video41_2114.png,4
video41_2115.png,4
video41_2116.png,4
video41_2117.png,4
video41_2118.png,4
video41_2119.png,4
video41_2120.png,4
video41_2121.png,4
video41_2122.png,4
video41_2123.png,4
video41_2124.png,4
video41_2125.png,4
video41_2126.png,4
video41_2127.png,4
video41_2128.png,4
video41_2129.png,4
video41_2130.png,4
video41_2131.png,4
video41_2132.png,4
video41_2133.png,4
video41_2134.png,4
video41_2135.png,4
video41_2136.png,4
video41_2137.png,4
video41_2138.png,4
video41_2139.png,4
video41_2140.png,4
video41_2141.png,4
video41_2142.png,4
video41_2143.png,4
video41_2144.png,4
video41_2145.png,4
video41_2146.png,4
video41_2147.png,4
video41_2148.png,4
video41_2149.png,4
video41_2150.png,4
video41_2151.png,4
video41_2152.png,4
video41_2153.png,4
video41_2154.png,4
video41_2155.png,4
video41_2156.png,4
video41_2157.png,4
video41_2158.png,4
video41_2159.png,4
video41_2160.png,4
video41_2161.png,4
video41_2162.png,4
video41_2163.png,4
video41_2164.png,4
video41_2165.png,4
video41_2166.png,4
video41_2167.png,4
video41_2168.png,4
video41_2169.png,4
video41_2170.png,4
video41_2171.png,4
video41_2172.png,4
video41_2173.png,4
video41_2174.png,4
video41_2175.png,4
video41_2176.png,4
video41_2177.png,4
video41_2178.png,4
video41_2179.png,4
video41_2180.png,4
video41_2181.png,4
video41_2182.png,4
video41_2183.png,4
video41_2184.png,4
video41_2185.png,4
video41_2186.png,4
video41_2187.png,4
video41_2188.png,4
video41_2189.png,4
video41_2190.png,4
video41_2191.png,4
video41_2192.png,4
video41_2193.png,4
video41_2194.png,4
video41_2195.png,4
video41_2196.png,4
video41_2197.png,4
video41_2198.png,4
video41_2199.png,4
video41_2200.png,4
video41_2201.png,4
video41_2202.png,4
video41_2203.png,4
video41_2204.png,4
video41_2205.png,4
video41_2206.png,4
video41_2207.png,4
video41_2208.png,4
video41_2209.png,4
video41_2210.png,4
video41_2211.png,4
video41_2212.png,4
video41_2213.png,4
video41_2214.png,4
video41_2215.png,4
video41_2216.png,4
video41_2217.png,4
video41_2218.png,4
video41_2219.png,4
video41_2220.png,4
video41_2221.png,4
video41_2222.png,4
video41_2223.png,4
video41_2224.png,4
video41_2225.png,4
video41_2226.png,4
video41_2227.png,4
video41_2228.png,4
video41_2229.png,4
video41_2230.png,4
video41_2231.png,4
video41_2232.png,4
video41_2233.png,4
video41_2234.png,4
video41_2235.png,4
video41_2236.png,4
video41_2237.png,4
video41_2238.png,4
video41_2239.png,4
video41_2240.png,4
video41_2241.png,4
video41_2242.png,4
video41_2243.png,4
video41_2244.png,4
video41_2245.png,4
video41_2246.png,4
video41_2247.png,4
video41_2248.png,4
video41_2249.png,4
video41_2250.png,4
video41_2251.png,4
video41_2252.png,4
video41_2253.png,4
video41_2254.png,4
video41_2255.png,4
video41_2256.png,4
video41_2257.png,4
video41_2258.png,4
video41_2259.png,4
video41_2260.png,4
video41_2261.png,4
video41_2262.png,4
video41_2263.png,4
video41_2264.png,4
video41_2265.png,4
video41_2266.png,4
video41_2267.png,4
video41_2268.png,4
video41_2269.png,4
video41_2270.png,4
video41_2271.png,4
video41_2272.png,4
video41_2273.png,4
video41_2274.png,4
video41_2275.png,4
video41_2276.png,4
video41_2277.png,4
video41_2278.png,4
video41_2279.png,4
video41_2280.png,4
video41_2281.png,4
video41_2282.png,4
video41_2283.png,4
video41_2284.png,4
video41_2285.png,4
video41_2286.png,4
video41_2287.png,4
video41_2288.png,4
video41_2289.png,4
video41_2290.png,4
video41_2291.png,4
video41_2292.png,4
video41_2293.png,4
video41_2294.png,4
video41_2295.png,4
video41_2296.png,4
video41_2297.png,4
video41_2298.png,4
video41_2299.png,4
video41_2300.png,4
video41_2301.png,4
video41_2302.png,4
video41_2303.png,4
video41_2304.png,4
video41_2305.png,4
video41_2306.png,4
video41_2307.png,4
video41_2308.png,4
video41_2309.png,4
video41_2310.png,4
video41_2311.png,4
video41_2312.png,4
video41_2313.png,4
video41_2314.png,4
video41_2315.png,4
video41_2316.png,4
video41_2317.png,4
video41_2318.png,4
video41_2319.png,4
video41_2320.png,4
video41_2321.png,4
video41_2322.png,4
video41_2323.png,4
video41_2324.png,4
video41_2325.png,4
video41_2326.png,4
video41_2327.png,4
video41_2328.png,4
video41_2329.png,4
video41_2330.png,4
video41_2331.png,4
video41_2332.png,4
video41_2333.png,4
video41_2334.png,4
video41_2335.png,4
video41_2336.png,4
video41_2337.png,4
video41_2338.png,4
video41_2339.png,4
video41_2340.png,4
video41_2341.png,4
video41_2342.png,4
video41_2343.png,4
video41_2344.png,4
video41_2345.png,4
video41_2346.png,4
video41_2347.png,4
video41_2348.png,4
video41_2349.png,4
video41_2350.png,4
video41_2351.png,4
video41_2352.png,4
video41_2353.png,4
video41_2354.png,4
video41_2355.png,4
video41_2356.png,4
video41_2357.png,4
video41_2358.png,4
video41_2359.png,4
video41_2360.png,4
video41_2361.png,4
video41_2362.png,4
video41_2363.png,4
video41_2364.png,4
video41_2365.png,4
video41_2366.png,4
video41_2367.png,4
video41_2368.png,4
video41_2369.png,4
video41_2370.png,4
video41_2371.png,4
video41_2372.png,4
video41_2373.png,4
video41_2374.png,4
video41_2375.png,4
video41_2376.png,4
video41_2377.png,4
video41_2378.png,4
video41_2379.png,4
video41_2380.png,4
video41_2381.png,4
video41_2382.png,4
video41_2383.png,4
video41_2384.png,4
video41_2385.png,4
video41_2386.png,4
video41_2387.png,4
video41_2388.png,4
video41_2389.png,4
video41_2390.png,4
video41_2391.png,4
video41_2392.png,4
video41_2393.png,4
video41_2394.png,4
video41_2395.png,4
video41_2396.png,4
video41_2397.png,4
video41_2398.png,4
video41_2399.png,4
video41_2400.png,4
video41_2401.png,4
video41_2402.png,4
video41_2403.png,4
video41_2404.png,4
video41_2405.png,4
video41_2406.png,4
video41_2407.png,4
video41_2408.png,4
video41_2409.png,4
video41_2410.png,4
video41_2411.png,4
video41_2412.png,4
video41_2413.png,4
video41_2414.png,4
video41_2415.png,4
video41_2416.png,4
video41_2417.png,4
video41_2418.png,4
video41_2419.png,4
video41_2420.png,4
video41_2421.png,4
video41_2422.png,4
video41_2423.png,4
video41_2424.png,4
video41_2425.png,4
video41_2426.png,4
video41_2427.png,4
video41_2428.png,4
video41_2429.png,4
video41_2430.png,4
video41_2431.png,4
video41_2432.png,4
video41_2433.png,4
video41_2434.png,4
video41_2435.png,4
video41_2436.png,4
video41_2437.png,4
video41_2438.png,4
video41_2439.png,4
video41_2440.png,4
video41_2441.png,4
video41_2442.png,4
video41_2443.png,4
video41_2444.png,4
video41_2445.png,4
video41_2446.png,4
video41_2447.png,4
video41_2448.png,4
video41_2449.png,4
video41_2450.png,4
video41_2451.png,4
video41_2452.png,4
video41_2453.png,4
video41_2454.png,4
video41_2455.png,4
video41_2456.png,4
video41_2457.png,4
video41_2458.png,4
video41_2459.png,4
video41_2460.png,4
video41_2461.png,4
video41_2462.png,4
video41_2463.png,4
video41_2464.png,4
video41_2465.png,4
video41_2466.png,4
video41_2467.png,4
video41_2468.png,4
video41_2469.png,4
video41_2470.png,4
video41_2471.png,4
video41_2472.png,4
video41_2473.png,4
video41_2474.png,4
video41_2475.png,4
video41_2476.png,4
video41_2477.png,4
video41_2478.png,4
video41_2479.png,4
video41_2480.png,4
video41_2481.png,4
video41_2482.png,4
video41_2483.png,4
video41_2484.png,4
video41_2485.png,4
video41_2486.png,4
video41_2487.png,4
video41_2488.png,4
video41_2489.png,4
video41_2490.png,4
video41_2491.png,4
video41_2492.png,4
video41_2493.png,4
video41_2494.png,4
video41_2495.png,4
video41_2496.png,4
video41_2497.png,4
video41_2498.png,4
video41_2499.png,4
video41_2500.png,4
video41_2501.png,4
video41_2502.png,4
video41_2503.png,4
video41_2504.png,4
video41_2505.png,4
video41_2506.png,4
video41_2507.png,4
video41_2508.png,4
video41_2509.png,4
video41_2510.png,4
video41_2511.png,4
video41_2512.png,4
video41_2513.png,4
video41_2514.png,4
video41_2515.png,4
video41_2516.png,4
video41_2517.png,4
video41_2518.png,4
video41_2519.png,4
video41_2520.png,4
video41_2521.png,4
video41_2522.png,4
video41_2523.png,4
video41_2524.png,4
video41_2525.png,4
video41_2526.png,4
video41_2527.png,4
video41_2528.png,4
video41_2529.png,4
video41_2530.png,4
video41_2531.png,4
video41_2532.png,4
video41_2533.png,4
video41_2534.png,4
video41_2535.png,4
video41_2536.png,4
video41_2537.png,4
video41_2538.png,4
video41_2539.png,4
video41_2540.png,4
video41_2541.png,4
video41_2542.png,4
video41_2543.png,4
video41_2544.png,4
video41_2545.png,4
video41_2546.png,4
video41_2547.png,4
video41_2548.png,4
video41_2549.png,4
video41_2550.png,4
video41_2551.png,4
video41_2552.png,4
video41_2553.png,4
video41_2554.png,4
video41_2555.png,4
video41_2556.png,4
video41_2557.png,4
video41_2558.png,4
video41_2559.png,4
video41_2560.png,4
video41_2561.png,4
video41_2562.png,4
video41_2563.png,4
video41_2564.png,4
video41_2565.png,4
video41_2566.png,4
video41_2567.png,4
video41_2568.png,4
video41_2569.png,4
video41_2570.png,4
video41_2571.png,4
video41_2572.png,4
video41_2573.png,4
video41_2574.png,4
video41_2575.png,4
video41_2576.png,4
video41_2577.png,4
video41_2578.png,4
video41_2579.png,4
video41_2580.png,4
video41_2581.png,4
video41_2582.png,4
video41_2583.png,4
video41_2584.png,4
video41_2585.png,4
video41_2586.png,4
video41_2587.png,4
video41_2588.png,4
video41_2589.png,4
video41_2590.png,4
video41_2591.png,4
video41_2592.png,4
video41_2593.png,4
video41_2594.png,4
video41_2595.png,4
video41_2596.png,4
video41_2597.png,4
video41_2598.png,4
video41_2599.png,4
video41_2600.png,4
video41_2601.png,4
video41_2602.png,4
video41_2603.png,4
video41_2604.png,4
video41_2605.png,4
video41_2606.png,4
video41_2607.png,4
video41_2608.png,4
video41_2609.png,4
video41_2610.png,4
video41_2611.png,4
video41_2612.png,4
video41_2613.png,4
video41_2614.png,4
video41_2615.png,4
video41_2616.png,4
video41_2617.png,4
video41_2618.png,4
video41_2619.png,4
video41_2620.png,4
video41_2621.png,4
video41_2622.png,4
video41_2623.png,4
video41_2624.png,4
video41_2625.png,4
video41_2626.png,4
video41_2627.png,4
video41_2628.png,4
video41_2629.png,4
video41_2630.png,4
video41_2631.png,4
video41_2632.png,4
video41_2633.png,4
video41_2634.png,4
video41_2635.png,4
video41_2636.png,4
video41_2637.png,4
video41_2638.png,4
video41_2639.png,4
video41_2640.png,4
video41_2641.png,4
video41_2642.png,4
video41_2643.png,4
video41_2644.png,4
video41_2645.png,4
video41_2646.png,4
video41_2647.png,4
video41_2648.png,4
video41_2649.png,4
video41_2650.png,4
video41_2651.png,4
video41_2652.png,4
video41_2653.png,4
video41_2654.png,4
video41_2655.png,4
video41_2656.png,6
video41_2657.png,6
video41_2658.png,6
video41_2659.png,6
video41_2660.png,6
video41_2661.png,6
video41_2662.png,6
video41_2663.png,6
video41_2664.png,6
video41_2665.png,6
video41_2666.png,6
video41_2667.png,6
video41_2668.png,6
video41_2669.png,6
video41_2670.png,6
video41_2671.png,6
video41_2672.png,6
video41_2673.png,6
video41_2674.png,6
video41_2675.png,6
video41_2676.png,6
video41_2677.png,6
video41_2678.png,6
video41_2679.png,6
video41_2680.png,6
video41_2681.png,6
video41_2682.png,6
video41_2683.png,6
video41_2684.png,6
video41_2685.png,6
video41_2686.png,6
video41_2687.png,6
video41_2688.png,6
video41_2689.png,6
video41_2690.png,6
video41_2691.png,6
video41_2692.png,6
video41_2693.png,6
video41_2694.png,6
video41_2695.png,6
video41_2696.png,6
video41_2697.png,6
video41_2698.png,6
video41_2699.png,6
video41_2700.png,6
video41_2701.png,6
video41_2702.png,6
video41_2703.png,6
video41_2704.png,6
video41_2705.png,6
video41_2706.png,6
video41_2707.png,6
video41_2708.png,6
video41_2709.png,6
video41_2710.png,6
video41_2711.png,6
video41_2712.png,6
video41_2713.png,6
video41_2714.png,6
video41_2715.png,6
video41_2716.png,6
video41_2717.png,6
video41_2718.png,6
video41_2719.png,6
video41_2720.png,6
video41_2721.png,6
video41_2722.png,6
video41_2723.png,6
video41_2724.png,6
video41_2725.png,6
video41_2726.png,6
video41_2727.png,6
video41_2728.png,6
video41_2729.png,6
video41_2730.png,6
video41_2731.png,6
video41_2732.png,6
video41_2733.png,6
video41_2734.png,6
video41_2735.png,6
video41_2736.png,6
video41_2737.png,6
video41_2738.png,6
video41_2739.png,6
video41_2740.png,6
video41_2741.png,6
video41_2742.png,6
video41_2743.png,6
video41_2744.png,6
video41_2745.png,6
video41_2746.png,6
video41_2747.png,6
video41_2748.png,6
video41_2749.png,6
video41_2750.png,6
video41_2751.png,6
video41_2752.png,6
video41_2753.png,6
video41_2754.png,6
video41_2755.png,6
video41_2756.png,6
video41_2757.png,6
video41_2758.png,6
video41_2759.png,6
video41_2760.png,6
video41_2761.png,6
video41_2762.png,6
video41_2763.png,6
video41_2764.png,6
video41_2765.png,6
video41_2766.png,6
video41_2767.png,6
video41_2768.png,6
video41_2769.png,6
video41_2770.png,6
video41_2771.png,6
video41_2772.png,6
video41_2773.png,6
video41_2774.png,6
video41_2775.png,6
video41_2776.png,6
video41_2777.png,6
video41_2778.png,6
video41_2779.png,6
video41_2780.png,6
video41_2781.png,6
video41_2782.png,6
video41_2783.png,6
video41_2784.png,6
video41_2785.png,6
video41_2786.png,6
video41_2787.png,6
video41_2788.png,6
video41_2789.png,6
video41_2790.png,6
video41_2791.png,6
video41_2792.png,6
video41_2793.png,5
video41_2794.png,5
video41_2795.png,5
video41_2796.png,5
video41_2797.png,5
video41_2798.png,5
video41_2799.png,5
video41_2800.png,5
video41_2801.png,5
video41_2802.png,5
video41_2803.png,5
video41_2804.png,5
video41_2805.png,5
video41_2806.png,5
video41_2807.png,5
video41_2808.png,5
video41_2809.png,5
video41_2810.png,5
video41_2811.png,5
video41_2812.png,5
video41_2813.png,5
video41_2814.png,5
video41_2815.png,5
video41_2816.png,5
video41_2817.png,5
video41_2818.png,5
video41_2819.png,5
video41_2820.png,5
video41_2821.png,5
video41_2822.png,5
video41_2823.png,5
video41_2824.png,5
video41_2825.png,5
video41_2826.png,5
video41_2827.png,5
video41_2828.png,5
video41_2829.png,5
video41_2830.png,5
video41_2831.png,5
video41_2832.png,5
video41_2833.png,5
video41_2834.png,5
video41_2835.png,5
video41_2836.png,5
video41_2837.png,5
video41_2838.png,5
video41_2839.png,5
video41_2840.png,5
video41_2841.png,5
video41_2842.png,5
video41_2843.png,5
video41_2844.png,5
video41_2845.png,5
video41_2846.png,5
video41_2847.png,5
video41_2848.png,5
video41_2849.png,5
video41_2850.png,5
video41_2851.png,5
video41_2852.png,5
video41_2853.png,5
video41_2854.png,5
video41_2855.png,5
video41_2856.png,5
video41_2857.png,5
video41_2858.png,5
video41_2859.png,5
video41_2860.png,5
video41_2861.png,5
video41_2862.png,5
video41_2863.png,5
video41_2864.png,5
video41_2865.png,5
video41_2866.png,5
video41_2867.png,5
video41_2868.png,5
video41_2869.png,5
video41_2870.png,5
video41_2871.png,5
video41_2872.png,5
video41_2873.png,5
video41_2874.png,5
video41_2875.png,5
video41_2876.png,5
video41_2877.png,5
video41_2878.png,5
video41_2879.png,5
video41_2880.png,5
video41_2881.png,5
video41_2882.png,5
video41_2883.png,5
video41_2884.png,5
video41_2885.png,5
video41_2886.png,5
video41_2887.png,5
video41_2888.png,5
video41_2889.png,5
video41_2890.png,5
video41_2891.png,5
video41_2892.png,5
video41_2893.png,5
video41_2894.png,5
video41_2895.png,5
video41_2896.png,5
video41_2897.png,5
video41_2898.png,5
video41_2899.png,5
video41_2900.png,5
video41_2901.png,5
video41_2902.png,5
video41_2903.png,5
video41_2904.png,5
video41_2905.png,5
video41_2906.png,5
video41_2907.png,5
video41_2908.png,5
video41_2909.png,5
video41_2910.png,5
video41_2911.png,5
video41_2912.png,5
video41_2913.png,5
video41_2914.png,5
video41_2915.png,5
video41_2916.png,5
video41_2917.png,5
video41_2918.png,5
video41_2919.png,5
video41_2920.png,5
video41_2921.png,5
video41_2922.png,5
video41_2923.png,5
video41_2924.png,5
video41_2925.png,5
video41_2926.png,5
video41_2927.png,5
video41_2928.png,5
video41_2929.png,5
video41_2930.png,5
video41_2931.png,5
video41_2932.png,5
video41_2933.png,5
video41_2934.png,5
video41_2935.png,5
video41_2936.png,5
video41_2937.png,5
video41_2938.png,5
video41_2939.png,5
video41_2940.png,5
video41_2941.png,5
video41_2942.png,5
video41_2943.png,5
video41_2944.png,5
video41_2945.png,5
video41_2946.png,5
video41_2947.png,5
video41_2948.png,5
video41_2949.png,5
video41_2950.png,5
video41_2951.png,5
video41_2952.png,5
video41_2953.png,5
video41_2954.png,5
video41_2955.png,5
video41_2956.png,5
video41_2957.png,5
video41_2958.png,5
video41_2959.png,5
video41_2960.png,5
video41_2961.png,5
video41_2962.png,5
video41_2963.png,5
video41_2964.png,5
video41_2965.png,5
video41_2966.png,5
video41_2967.png,5
video41_2968.png,5
video41_2969.png,5
video41_2970.png,5
video41_2971.png,5
video41_2972.png,5
video41_2973.png,5
video41_2974.png,7
video41_2975.png,7
video41_2976.png,7
video41_2977.png,7
video41_2978.png,7
video41_2979.png,7
video41_2980.png,7
video41_2981.png,7
video41_2982.png,7
video41_2983.png,7
video41_2984.png,7
video41_2985.png,7
video41_2986.png,7
video41_2987.png,7
video41_2988.png,7
video41_2989.png,7
video41_2990.png,7
video41_2991.png,7
video41_2992.png,7
video41_2993.png,7
video41_2994.png,7
video41_2995.png,7
video41_2996.png,7
video41_2997.png,7
video41_2998.png,7
video41_2999.png,7
video41_3000.png,7
video41_3001.png,7
video41_3002.png,7
video41_3003.png,7
video41_3004.png,7
video41_3005.png,7
video41_3006.png,7
video41_3007.png,7
video41_3008.png,7
video41_3009.png,7
video41_3010.png,7
video41_3011.png,7
video41_3012.png,7
video41_3013.png,7
video41_3014.png,7
video41_3015.png,7
video41_3016.png,7
video41_3017.png,7
video41_3018.png,7
video41_3019.png,7
video41_3020.png,7
video41_3021.png,7
video41_3022.png,7
video41_3023.png,7
video41_3024.png,7
video41_3025.png,7
video41_3026.png,7
video41_3027.png,7
video41_3028.png,7
video41_3029.png,7
video41_3030.png,7
video41_3031.png,7
video41_3032.png,7
video41_3033.png,7
video41_3034.png,7
video41_3035.png,7
video41_3036.png,7
video41_3037.png,7
video41_3038.png,7
video41_3039.png,7
video41_3040.png,7
video41_3041.png,7
video41_3042.png,7
video41_3043.png,7
video41_3044.png,7
video41_3045.png,7
video41_3046.png,7
video41_3047.png,7
video41_3048.png,7
video41_3049.png,7
video41_3050.png,7
video41_3051.png,7
video41_3052.png,7
video41_3053.png,7
video41_3054.png,7
video41_3055.png,7
video41_3056.png,7
video41_3057.png,7
video41_3058.png,7
video41_3059.png,7
video41_3060.png,7
video41_3061.png,7
video41_3062.png,7
video41_3063.png,7
video41_3064.png,7
video41_3065.png,7
video41_3066.png,7
video41_3067.png,7
video41_3068.png,7
video41_3069.png,7
video41_3070.png,7
video41_3071.png,7
video41_3072.png,7
video41_3073.png,7
video41_3074.png,7
video41_3075.png,7
video41_3076.png,7
video41_3077.png,7
video41_3078.png,7
video41_3079.png,7
video41_3080.png,7
video41_3081.png,7
video41_3082.png,7
video41_3083.png,7
video41_3084.png,7
video41_3085.png,7
video41_3086.png,7
video41_3087.png,7
video41_3088.png,7
video41_3089.png,7
video41_3090.png,7
video41_3091.png,7
video41_3092.png,7
video41_3093.png,7
video41_3094.png,7
video41_3095.png,7
video41_3096.png,7
video41_3097.png,7
video41_3098.png,7
video41_3099.png,7
video41_3100.png,7
video41_3101.png,7
video41_3102.png,7
